"Affair To Remember, An",13,13
"After You, Who?",14,14
After The Love Has Gone,15,16
Alexander's Ragtime Band,17,18
All I Do Is Dream Of You,19,20
All My Life,21,22
Ain't She Sweet,23,23
Almost Like Being In Love,24,24
Alone Together,25,25
Always Something There To Remind Me,26,26
And All That Jazz,27,28
And So It Goes,29,29
Any Place I Hang My Hat Is Home,30,30
Anything Goes,31,31
Are You In The Mood,32,32
Aquarius,33,34
Autumn Nocturne,35,36
At Last,37,37
Back Bay Shuffle,38,38
Ballad In Blue,39,39
"Bare Necessities, The",40,40
"Baubles, Bangles And Beads",41,41
Be My Love,42,42
"Beat Goes On, The",43,43
Beloved Infidel,44,44
"Best Of Everything, The",45,45
Better Than Anything,46,46
Bidin' My Time,47,47
Big Noise From Winnetka,48,48
Billie Jean,49,50
Bird's Nest,51,51
"Blah, Blah, Blah",52,52
Blues For Daddy O,53,53
Blues For Martha,54,54
Bob White,55,55
Bongo Bop,56,56
Boogie Blues,57,57
Boogie Woogie Bugle Boy,58,58
Both Sides Now,59,59
"Boy Next Door, The",60,60
Breezin',61,62
Breezin' Along With The Breeze,63,63
Bugle Call Rag,64,64
C'est Magnifique,65,65
Cab Driver,66,66
C.E.D.,67,67
Clap Yo' Hands,68,68
Chacarera,69,70
Chattanooga Choo Choo,71,72
The Colors Of My Life,73,73
Comecar De Novo,74,74
"Come On, Come Over",75,76
Connie's Blues,77,77
Cool,78,78
Country Preacher,79,79
Country Style,80,80
Cow-cow Boogie,81,82
Crazy World,83,84
Crazy Rhythm,85,85
"Cylinder, The",86,86
"Day In, Day Out",87,88
Dance Of The Octopus,89,89
Deep In A Dream,90,90
Deep Night,91,91
Delauney's Dilemma,92,92
Dexter's Mood,93,93
Diamonds Are Forever,94,94
Diane,95,95
Ding-dong! The Witch Is Dead,96,96
Django's Castle,97,97
Do It Again,98,98
Don't Cry Joe,99,100
Don't Smoke In Bed,101,101
Dragnet,102,102
Dream Of You,103,103
"Dreamer's Holiday, A",104,104
Drinking Again,105,105
"Duke, The",106,106
Ease On Down The Road,107,108
Easy,109,110
Ebony Samba,111,112
Echoes,113,114
Ebb Tide,115,115
Elmer's Tune,116,116
Europa,117,117
Everything But You,118,118
Every Breath You Take,119,120
Experiment In Terror,121,121
Fascinating Rhythm,122,122
Fascination,123,123
Fine And Dandy,124,124
Flamenco Sketches,125,125
"Fool On The Hill, The",126,126
For Once In My Life,127,127
Forty-second Street,128,128
Fried Bananas,129,129
From Here To Eternity,130,130
"Gal In Calico, A",131,131
"Garden In The Rain, A",132,132
Gentle Rain,133,133
Getting To Know You,134,134
Give Me The Simple Life,135,135
"Golden Striker, The",136,136
Gonna Build A Mountain,137,137
Goodbye Pork Pie Hat,138,138
Gonna Fly Now,139,140
Goofus,141,142
Graceland,143,144
"Greatest Love Of All, The",145,146
Got To Get You Into My Life,147,147
Green Onions,148,148
Guantanamera,149,149
Guys And Dolls,150,150
Hamp's Boogie Woogie,151,152
Have I Stayed Away Too Long,153,153
"Hawk Talks, The",154,154
He Loves And She Loves,155,155
He Was Too Good To Me,156,156
He's A Tramp,157,157
Heigh-ho,158,158
"Hello, Dolly!",159,159
Here's To Life,160,160
Hernando's Hideaway,161,161
Hey There,162,162
"Hey There, Good Times",163,164
High And Dry,165,165
Hill Street Blues Theme,166,166
"Hold Me, Thrill Me, Kiss Me",167,167
How Am I To Know,168,168
How Can I Be Sure,169,170
Hurt,171,171
Hymn To Freedom,172,172
I Couldn't Sleep A Wink Last Night,173,173
I Cover The Waterfront,174,174
I Dream Too Much,175,176
I Feel A Song Comin' On,177,178
I Get A Kick Out Of You,179,180
I Feel Pretty,181,181
I Had The Craziest Dream,182,182
I Just Found Out About Love,183,183
I Know That You Know,184,184
I Love My Wife,185,186
"I Loves You, Porgy",187,187
I May Be Wrong,188,188
I Never Knew,189,189
"I Surrender, Dear",190,190
I Thought Of You,191,191
I Wanna Be Around,192,192
I Wanna Be Loved By You,193,193
I Want To Be A Sideman,194,194
I Want To Be Happy,195,195
I Will Say Goodbye,196,196
I'd Rather Leave While I'm In Love,197,197
I'll Be Easy To Find,198,198
I'll Build A Stairway To Paradise,199,199
I'll Never Say Never Again,200,200
I'll Never Stop Loving You,201,201
I'll See You In My Dreams,202,202
I'm A Ding Dong Daddy,203,203
I'm An Old Cowhand,204,204
I'm Coming Virginia,205,205
I'm Forever Blowing Bubbles,206,206
I'm Getting Sentimental Over You,207,207
I'm In The Mood For Love,208,208
I've Got A Crush On You,209,209
If I Could Be With You,210,210
I've Gotta Be Me,211,212
If I Had You,213,213
If This Isn't Love,214,214
In Your Own Sweet Way,215,215
Indian Love Call,216,216
Isn't This A Lovely Day,217,218
It Ain't Necessarily So,219,220
It Happened In Monterey,221,221
It's A Pity To Say Goodnight,222,222
It Might Be You,223,224
Jalousie,225,226
It's A Raggy Waltz,227,227
Jambalaya,228,228
James Bond Theme,229,230
Jazzman,231,232
Jeep's Blues,233,233
Jeepers Creepers,234,234
Jet Song,235,236
"Joey, Joey, Joey",237,237
June Night,238,238
K.C. Blues,239,239
Laird Baird,240,240
King Porter Stomp,241,242
La Ronde,243,244
"Lamp Is Low, The",245,245
Laugh! Clown! Laugh!,246,246
Lazy Sunday,247,248
Le Cannet,249,249
Leap Frog,250,250
Let A Smile Be Your Umbrella,251,251
Let Me Love You Tonight,252,252
Let Yourself Go,253,254
Let's Do It,255,255
Let's Take An Old-Fashioned Walk,256,256
Like A Lover,257,257
Lilli Marlene,258,258
Live And Let Die,259,260
Li'l Darlin',261,261
"Lorelei, The",262,262
Lost In Meditation,263,263
Love Is Here To Stay,264,264
Love Dance,265,266
Love Walked In,267,267
Lucky To Be Me,268,268
Lullaby In Rhythm,269,269
Lulu's Back In Town,270,270
Mack The Knife,271,272
Main Stem,273,274
Maria,275,275
Matchmaker,276,276
Maybe,277,277
Me And Mrs. Jones,278,278
Meggie's Theme,279,279
Mickey Mouse March,280,280
Midnight In Moscow,281,281
Milenberg Joys,282,282
Minnie The Moocher,283,285
Miss Otis Regrets,286,286
Mister Five By Five,287,288
Moondance,289,290
More Today Than Yesterday,291,292
Mood That I'm In,293,293
"Music, Maestro, Please",294,294
Music On The Way,295,295
My Kind Of Girl,296,296
My Man's Gone Now,297,297
My Monday Date,298,298
My One And Only,299,299
My Own True Love,300,300
My Reverie,301,301
My Yiddishe Momme,302,302
Near You,303,303
Never My Love,304,304
"Theme From 'New York, New York'",305,306
Nice 'n' Easy,307,307
No Other Love,308,308
Noreen's Nocturne,309,310
Notorious,311,311
Of Thee I Sing,312,312
Oh Happy Day,313,314
"Oh, Lady Be Good!",315,316
"Oh, Good Grief",317,317
"Old Master Painter, The",318,318
On A Little Street In Singapore,319,319
"On The Atchison, Topeka And The Santa Fe",320,320
On The Other Side Of The Tracks,321,322
On The South Side Of Chicago,323,323
Once In A While,324,324
One O'Clock Jump,325,326
Oo-Shoo-Be-Doo-Be,327,328
Once Upon A Time,329,329
Orbit,330,330
Our Love Affair,331,331
Over The Rainbow,332,332
Pennsylvania 6-5000,333,333
People Get Ready,334,334
Piano Man,335,336
Perry Mason Theme,337,337
Pigalle,338,338
Playboy's Theme,339,340
Place St. Henri,341,341
Please Don't Talk About Me When I'm Gone,342,342
"Preacher, The",343,343
Pyramid,344,344
Quality Time,345,346
Ragtime Cowboy Joe,347,347
Raindrops Keep Fallin' On My Head,348,348
Real Live Girl,349,349
Remember,350,350
Rikki Don't Lose That Number,351,352
Rock-A-Bye Your Baby With A Dixie Melody,353,353
Rose-Marie,354,354
Ruby,355,356
Rude Old Man,357,357
Rum And Coca-Cola,358,358
Rules Of The Road,359,360
Send In The Clowns,361,361
September,362,362
"Seventh Son, The",363,364
September In The Rain,365,365
Shadow Waltz,366,366
Shall We Dance?,367,367
"Shine On Your Shoes, A",368,368
She Loves Me,369,370
"Shot In The Dark, A",371,371
Should I?,372,372
Show-Type Tune,373,374
Shuffle Off To Buffalo,375,375
Sing,376,376
Theme From The Simpsons,377,378
"Sing, Sing, Sing",379,384
Sit Down You're Rockin' The Boat,385,385
Slap That Bass,386,386
Sleepy Lagoon,387,387
Sleepy Time Gal,388,388
Smack Dab In The Middle,389,389
Smells Like Teen Spirit,390,390
Smiles,391,391
Smooth Operator,392,392
So Many Stars,393,393
Softly As I Leave You,394,394
Somethin' Stupid,395,396
Something's Gotta Give,397,398
Someone To Watch Over Me,399,399
Somewhere,400,400
Sonnymoon For Two,401,401
"Sound Of Music, The",402,402
Sophisticated Swing,403,404
Spring Is Here,405,405
Star Eyes,406,406
Stars Fell On Alabama,407,407
Stranger In Paradise,408,408
Strictly Instrumental,409,409
Strike Up The Band,410,410
Song From M*A*S*H,411,411
"Summer Knows, The",412,412
"Summer Place, A",413,413
Sunday,414,414
"Sunrise, Sunset",415,415
Sweet Georgia Brown,416,416
Sweet Lorraine,417,417
Swingin' The Blues,418,418
Taking A Chance On Love,419,419
"Tender Trap, The",420,420
Tequila,421,422
That Certain Feeling,423,423
That Face,424,424
That Lucky Old Sun,425,425
That Ole Devil Called Love,426,426
That's All,427,427
That's The Way It Goes,428,428
Then Came You,429,429
Then I'll Be Tired Of You,430,430
There's No Business Like Show Business,431,431
They All Laughed,432,432
This Heart Of Mine,433,433
This Nearly Was Mine,434,434
Tickle Toe,435,435
Time On My Hands,436,436
Time Was,437,437
Tis Autumn,438,438
Time's Lie,439,440
Tin Man,441,442
"A-Tisket, A-Tasket",443,443
Tonight,444,444
"Top Hat, White Tie And Tails",445,445
Totem Pole,446,446
"Trolley Song, The",447,448
Tricrotism,449,449
Trust In Me,450,450
Try A Little Tenderness,451,452
Turn Your Love Around,453,454
Two Different Worlds,455,455
Two Lost Souls,456,456
Under Paris Skies,457,458
Valley Of The Dolls,459,460
Undecided,461,461
"Watergate Blues, The",462,462
Vera Cruz,463,464
"View To A Kill, A",465,466
We Kiss In A Shadow,467,467
We're Off To See The Wizard,468,468
What Is There To Say,469,469
What Is This Thing Called Love?,470,470
What The World Needs Now Is Love,471,471
When Joanna Loved Me,472,472
What's New Pussycat?,473,474
When A Man Loves A Woman,475,476
When I Grow Too Old To Dream,477,478
When My Sugar Walks Down The Street,479,479
When You're In Love,480,480
Where Is Love?,481,481
Who Cares?,482,482
Who's Sorry Now,483,483
Wild Is The Wind,484,484
"Windmills Of Your Mind, The",485,485
"Woman Is A Sometime Thing, A",486,486
Would You Like To Take A Walk,487,487
"Yesterday, When I Was Young",488,488
You Are My Lucky Star,489,489
You Couldn't Be Cuter,490,490
You Do Something To Me,491,491
You Must Believe In Spring,492,492
"You, My Love",493,493
You Send Me,494,494
"You Tell Me Your Dream, I'll Tell You Mine",495,495
You Turned The Tables On Me,496,496
You'd Better Love Me,497,498
You Were Never Lovelier,499,499
You'll Never Find Another Love Like Mine,500,502
You'll Never Know,503,503
You're The Top,504,504
Zigeuner,505,505
Zoot Suit Riot,506,506
