Ac-cent-tchu-ate The Positive,10,10,
After You,11,11,
After You've Gone,12,12,
Ain't Misbehavin',13,13,
Ain't That A Kick In The Head,14,14,
Aisha,15,15,
All My Tomorrows,16,16,
All Or Nothing At All,18,19,
All The Way,17,17,
Allanjuneally,20,20,
Alone Too Long,21,21,
Along Came Betty,22,22,
Always And Forever,23,23,
Among My Souvenirs,24,25,
"Amor (Amor, Amor, Amor)",26,27,
Antigua,28,29,
Aquellos Ojos Verdes (Green Eyes),25,25,
Aren't You Glad You're You,30,30,
As Long As I Live,31,31,
At Long Last Love,32,32,
At Sundown,33,33,
Autumn In 3,34,34,
Baia (Bahía),35,34,
Ballad For Trane,35,36,
Bark For Barksdale,37,37,
"Be Careful, It's My Heart",38,39,
Bein' Green,40,41,
Bernie's Tune,39,39,
Besame Mucho (Kiss Me Much),42,43,
"Best Thing For You, The",44,44,
"Best Things In Life Are Free, The",45,45,
Between The Devil And The Deep Blue Sea,46,46,
Beyond The Blue Horizon,47,47,
Bijou,48,48,
Bitches Brew,49,49,
Blackberry Winter,50,50,
"Blessing, The",51,51,
"Blossom Fell, A",52,52,
Blue Bird,53,53,
Blue Champagne,54,54,
Blue Prelude,55,55,
Bolivia,56,56,
Born To Be Blue,57,57,
Bossa Antigua,58,58,
Brazil,60,61,
Breakin' Away,62,63,
"Breeze And I, The",59,59,
Bud Powell,64,65,
Buzzy,66,66,
By Myself,67,67,
Bye Bye Baby,68,68,
Caldonia (What Makes Your Big Head So Hard?),70,71,
Careful,69,69,
Cariba,72,72,
Celia,73,73,
Change Partners,74,74,
Cheek To Cheek,76,76,
Cheetah,75,75,
Cheryl,78,78,
Chicago (That Toddlin' Town),79,79,
Come Fly With Me,80,81,
Continuum,82,82,
Copenhagen,83,83,
"Cottage For Sale, A",84,84,
Crazy,86,87,
Crazy He Calls Me,85,85,
"Creole Love Call, The",88,88,
Cry Me A River,89,89,
Dark Eyes,90,90,
Day Dream,91,91,
'Deed I Do,92,92,
Dig,93,93,
Diminushing,94,94,
Don't Ever Go Away (Por Causa De Voce),95,95,
Don't Know Why,96,96,
Don't Take Your Love From Me,97,97,
Don't Worry 'Bout Me,98,98,
Dream Dancing,99,99,
"Dreamer's Holiday, A",100,100,
Dreamy,101,101,
Drop Me Off In Harlem,102,102,
Early Morning Mood,103,103,
East Of The Sun (And West Of The Moon),104,104,
East St. Louis Toodle-oo,105,105,
East To Wes,106,107,
Easy Street,108,108,
Eleven Four,110,111,
Elogie,109,109,
"End Of A Love Affair, The",112,112,
Ev'ry Time We Say Goodbye,113,113,
Everything Happens To Me,114,114,
Ev'rything I Love,115,115,
Exactly Like You,116,116,
"Face I Love, The",117,117,
Falling In Love Again (Can't Help It),118,118,
Feel Like Makin' Love,119,119,
Fields Of Gold,120,120,
Fine And Mellow,122,123,
For Every Man There's A Woman,121,121,
Freckle Face,124,124,
From This Moment On,126,127,
Full Moon And Empty Arms,125,125,
Funkallero,128,128,
Get Happy,129,129,
Glad To Be Unhappy,130,130,
"Glory Of Love, The",131,131,
Gone With The Wind,132,132,
"Good Man Is Hard To Find, A",133,133,
Good Morning Heartache,134,134,
Got A Match?,135,135,
H & H,136,136,
Happy Hunting Horn,137,137,
Hard Hearted Hannah (The Vamp Of Savannah),138,139,
Harlem Nocturne,140,140,
Haunted Heart,141,141,
Heart And Soul,142,142,
Heat Wave,143,143,
Here's To My Lady,144,144,
High Hopes,145,145,
Hit That Mess,146,146,
Hooray For Love,148,149,
How Are Things In Glocca Morra,147,147,
How Deep Is The Ocean (How High Is The Sky),150,150,
I Ain't Got Nobody (And Nobody Cares For Me),151,151,
I Ain't Got Nothin' But The Blues,152,152,
I Can't Believe That You're In Love With Me,153,153,
I Concentrate On You,154,155,
I Could Have Danced All Night,156,156,
I Cried For You,157,157,
I Didn't Know What Time It Was,158,158,
I Don't Know Enough About You,159,159,
I Don't Know Why (I Just Do),160,160,
I Don't Want To Walk Without You,161,161,
I Found A Million Dollar Baby (In A Five And Ten Cent Store),162,162,
I Got The Sun In The Morning,163,163,
I Gotta Right To Sing The Blues,164,164,
I Guess I'll Hang My Tears Out To Dry,165,165,
I Hear Music,166,166,
I Keep Going Back To Joe's,167,167,
I Left My Heart In San Francisco,168,168,
I Like The Likes Of You,169,169,
I Wanna Be Loved,170,170,
I Wish I Were In Love Again,171,171,
I Wish You Love,172,172,
I Wished On The Moon,173,173,
I Won't Dance,174,175,
I'll Be Around,176,176,
I'll Be Seeing You,177,177,
I'll Close My Eyes,178,178,
I'll Get By (As Long As I Have You),179,179,
I'll Take Romance,180,181,
I'm Always Chasing Rainbows,182,182,
I'm Glad There Is You (In This World Of Ordinary People),183,183,
I'm Hip,184,185,
I'm Old Fashioned,186,186,
I'm Sitting On Top Of The World,187,187,
I've Got My Love To Keep Me Warm,188,188,
I've Got The World On A String,189,189,
I've Got You Under My Skin,190,191,
I've Grown Accustomed To Her Face,192,192,
I've Heard That Song Before,193,193,
I've Never Been In Love Before,194,194,
If I Didn't Care,195,195,
Ill Wind (You're Blowin' Me No Good),196,196,
In A Little Spanish Town ('Twas On A Night Like This),197,197,
In Her Family,198,198,
In Love In Vain,199,199,
"In The Cool, Cool, Cool Of The Evening",200,200,
Indian Summer,201,201,
Interchange,202,202,
Isfahan,203,203,
It All Depends On You,204,204,
It Never Entered My Mind,205,205,
It Only Happens When I Dance With You,206,206,
It's A Big Wide Wonderful World,207,207,
It's A Good Day,208,209,
It's A Lovely Day Today,210,210,
It's A Most Unusual Day,211,211,
"It's Been A Long, Long Time",212,212,
It's De-lovely,213,213,
It's Impossible (Somos Novios),214,214,
It's So Nice To Have A Man Around The House,215,215,
It's The Talk Of The Town,216,216,
It's Too Late,218,219,
It's You Or No One,217,217,
Jamba,220,220,
James,221,221,
Java Jive,222,222,
Jersey Bounce,223,223,
"Jive Samba, The",224,224,
Just A Gigolo,225,225,
Just Squeeze Me (But Don't Tease Me),226,226,
Just The Two Of Us,228,229,
Kickin' The Gong Around,230,231,
"Lady Is A Tramp, The",227,227,
"Lady's In Love With You, The",232,232,
Lazy Afternoon,233,233,
Lazybones,234,234,
Learnin' The Blues,235,235,
Let There Be Love,236,237,
Let's Face The Music And Dance,238,239,
Let's Get Away From It All,237,238,
Line For Lyons,240,240,
Line Games,241,241,
Linger Awhile,242,242,
Little Girl Blue,243,243,
Little Shoes,244,245,
Little White Lies,246,246,
Little Willie Leaps,247,247,
"Look Of Love, The",248,248,
Look To The Rainbow,249,249,
Lost In The Stars,250,251,
L-O-V-E (L.O.V.E),252,252,
Love Is A Simple Thing,253,253,
Love Letters,254,254,
Love Me Or Leave Me,255,255,
"Love Nest, The",256,256,
Love You Madly,257,257,
"Lover, Come Back To Me",258,259,
Lullaby Of The Leaves,260,260,
Makin' Whoopee!,261,261,
Mambo #5,262,263,
"Man That Got Away, The",264,265,
Manhattan,266,266,
Marmaduke,267,267,
Mas Que Nada,268,268,
Masquerade,269,269,
"Masquerade Is Over, The",270,270,
Maybe I Should Change My Ways,271,271,
Mayreh,272,273,
Mean To Me,274,274,
"Meaning Of The Blues, The",275,275,
Midnight Sun,276,276,
Milestones,277,277,
Mimi,278,278,
Mona Lisa,279,279,
Moon And Sand,280,280,
Moonlight Becomes You,281,281,
Moonlight In Vermont,282,282,
Moonlight Saving Time (There Ought To Be A),283,283,
More (Ti Guarderò Nel Cuore),284,284,
More I Cannot Wish You,286,287,
Mountain Greenery,285,285,
My Baby Just Cares For Me,288,288,
My Blue Heaven,289,289,
My Heart Belongs To Daddy,290,290,
My Heart Stood Still,291,291,
My Ideal,292,292,
My Lucky Star,293,293,
My Man (Mon Homme),294,294,
My Melancholy Baby,295,295,
My Silent Love,296,296,
My Sin,297,297,
Nancy - With The Laughing Face,298,298,
Never Let Me Go,299,299,
Nevertheless (I'm In Love With You),300,300,
"Night We Called It A Day, The",301,301,
"Nightingale Sang In Berkeley Square, A",302,302,
No Moon At All,303,303,
Nobody Else But Me,304,304,
Norwegian Wood (This Bird Has Flown),305,305,
"Odd Couple, The",306,306,
Old Cape Cod,307,307,
On A Clear Day (You Can See Forever),308,308,
On A Slow Boat To China,309,309,
On The Street Where You Live,310,311,
On The Sunny Side Of The Street,312,312,
One For My Baby (And One More For The Road),314,315,
Out Of This World,316,317,
"Party's Over, The",313,313,
Passport,318,318,
People,320,321,
Perhaps,319,319,
Poinciana (Song Of The Tree),322,323,
Poor Butterfly,324,324,
Pretend,325,325,
"Pretty Girl Is Like A Melody, A",326,326,
Pure Imagination,327,327,
Put On A Happy Face,328,328,
"Quizás, Quizás, Quizás (Perhaps, Perhaps, Perhaps)",329,329,
"Rainbow Connection, The",330,330,
Re: Person I Knew,331,331,
Red Top,332,332,
Reflections In D,333,333,
Revelation,334,334,
Ridin' High,335,335,
Rifftide,336,336,
Rockin' Chair,337,337,
Romance Without Finance,338,338,
Room 608,339,339,
Rose Room,340,340,
Rosewood,342,343,
Samba De Orfeu,344,345,
Save The Bones For Henry Jones,341,341,
Say It Isn't So,346,346,
Say It With Music,347,347,
Seems Like Old Times,348,348,
Segment,349,349,
Sentimental Me,350,350,
Shawnuff,351,351,
Shoo Fly Pie And Apple Pan Dowdy,352,352,
"Sing, You Sinners",353,353,
"Single Petal Of A Rose, The",354,354,
Sister Sadie,355,355,
Skylark,356,356,
"Sleepin' Bee, A",357,357,
Small Fry,358,358,
Small World,359,359,
Só Danço (Jazz 'N' Samba),360,360,
So In Love,362,363,
Soft Lights And Sweet Music,361,361,
Somebody Loves You,364,364,
Something Wonderful,365,365,
Sometimes I'm Happy,366,366,
Song For Helen,367,367,
Song For Strayhorn,368,368,
Song Is Ended (But The Melody Lingers On),369,369,
Song Of The Jet (Samba Do Avião),370,371,
Soon It's Gonna Rain,372,372,
S.O.S.,373,373,
Spring Can Really Hang You Up The Most,374,375,
Spring Will Be A Little Late This Year,376,376,
Squeeze Me,377,377,
Stablemates,378,378,
Stay As Sweet As You Are,379,379,
Steeplechase,380,380,
Steppin' Out With My Baby,381,381,
Stormy Weather (Keeps Rainin' All The Time),382,382,
Sweet And Lovely,383,383,
Swinging On A Star,384,384,
Take Ten,385,385,
"Taste Of Honey, A",386,386,
Teach Me Tonight,387,387,
Teen Town,388,389,
Telephone Song,390,390,
Ten Cents A Dance,391,391,
"Tender Trap, The",392,392,
That Old Black Magic,394,395,
That Old Feeling,393,393,
Theme For Ernie,396,396,
There Are Such Things,397,397,
There Goes My Heart,398,398,
There's A Mingus Amonk Us,399,399,
They Say It's Wonderful,400,400,
Things Ain't What They Used To Be,401,401,
This Can't Be Love,402,402,
This Could Be The Start Of Something Big,404,405,
This Is All I Ask (Beautiful Girls Walk A Little Slower),403,403,
Three Little Words,406,406,
"Thrill Is Gone, The",407,407,
Time After Time,408,408,
Time Was,409,409,
Too Close For Comfort,410,410,
Too Late Now,411,411,
"Toot, Toot, Tootsie! (Good-bye!)",412,412,
"Touch Of Your Lips, The",413,413,
Trick,414,415,
Try To Remember,416,416,
Two Of A Mind,417,417,
Un Poco Loco,418,419,
Unforgettable,420,421,
Upside Downside,422,423,
"Very Thought Of You, The",421,421,
Violets For Your Furs,424,424,
"Visit, The",425,425,
Wail,426,426,
Walk On The Wild Side,427,427,
Walkin' My Baby Back Home,428,428,
Watermelon Man,429,429,
What A Diff'rence A Day Made,430,430,
What A Wonderful World,431,431,
What Did I Have That I Don't Have?,432,433,
What I Did For Love,434,434,
What Now My Love,435,435,
When The Sun Comes Out,436,436,
When You're Smiling (The Whole World Smiles With You),437,437,
Where Or When,438,438,
While We're Young,440,441,
Whistle While You Work,439,439,
"White Cliffs Of Dover, The",442,442,
Whittlin',443,443,
Who's Afraid Of The Big Bad Wolf?,444,445,
Why Did I Choose You?,446,446,
"Why Don't You Do Right (Get Me Some Money, Too!)",447,447,
Why Try To Change Me Now,448,448,
Will You Still Be Mine,450,451,
Wintersong,449,449,
Witchcraft,452,452,
With Every Breath I Take,453,453,
Wouldn't It Be Loverly,454,454,
Wrap Your Troubles In Dreams (And Dream Your Troubles Away),455,455,
Yes Indeed,456,456,
You Belong To My Heart (Solamente Una Vez),457,457,
You Better Go Now,458,458,
You Made Me Love You (I Didn't Want To Do It),459,459,
You're Blasé,460,460,
You're Driving Me Crazy! (What Did I Do?),461,461,
You're Mine You,462,462,
You've Changed,463,463,
Younger Than Springtime,464,464,
